-- MySQL dump 10.13  Distrib 8.0.36, for Win64 (x86_64)
--
-- Host: localhost    Database: worldcup
-- ------------------------------------------------------
-- Server version	8.0.36

/*!40101 SET @OLD_CHARACTER_SET_CLIENT=@@CHARACTER_SET_CLIENT */;
/*!40101 SET @OLD_CHARACTER_SET_RESULTS=@@CHARACTER_SET_RESULTS */;
/*!40101 SET @OLD_COLLATION_CONNECTION=@@COLLATION_CONNECTION */;
/*!50503 SET NAMES utf8mb4 */;
/*!40103 SET @OLD_TIME_ZONE=@@TIME_ZONE */;
/*!40103 SET TIME_ZONE='+00:00' */;
/*!40014 SET @OLD_UNIQUE_CHECKS=@@UNIQUE_CHECKS, UNIQUE_CHECKS=0 */;
/*!40014 SET @OLD_FOREIGN_KEY_CHECKS=@@FOREIGN_KEY_CHECKS, FOREIGN_KEY_CHECKS=0 */;
/*!40101 SET @OLD_SQL_MODE=@@SQL_MODE, SQL_MODE='NO_AUTO_VALUE_ON_ZERO' */;
/*!40111 SET @OLD_SQL_NOTES=@@SQL_NOTES, SQL_NOTES=0 */;

--
-- Table structure for table `match_details`
--

DROP TABLE IF EXISTS `match_details`;
/*!40101 SET @saved_cs_client     = @@character_set_client */;
/*!50503 SET character_set_client = utf8mb4 */;
CREATE TABLE `match_details` (
  `match_id` int NOT NULL,
  `match_date` timestamp NULL DEFAULT NULL,
  `stadium` varchar(100) DEFAULT NULL,
  PRIMARY KEY (`match_id`)
) ENGINE=InnoDB DEFAULT CHARSET=utf8mb4 COLLATE=utf8mb4_0900_ai_ci;
/*!40101 SET character_set_client = @saved_cs_client */;

--
-- Dumping data for table `match_details`
--

LOCK TABLES `match_details` WRITE;
/*!40000 ALTER TABLE `match_details` DISABLE KEYS */;
INSERT INTO `match_details` VALUES (75413,'2023-10-05 08:30:00','Narendra Modi Stadium'),(75420,'2023-10-06 08:30:00','Rajiv Gandhi International Stadium'),(75427,'2023-10-07 05:00:00','Himachal Pradesh Cricket Association Stadium'),(75434,'2023-10-07 08:30:00','Arun Jaitley Stadium'),(75437,'2023-10-08 08:30:00','MA Chidambaram Stadium'),(75444,'2023-10-09 08:30:00','Rajiv Gandhi International Stadium'),(75451,'2023-10-10 05:00:00','Himachal Pradesh Cricket Association Stadium'),(75458,'2023-10-11 08:30:00','Arun Jaitley Stadium'),(75462,'2023-10-10 08:30:00','Rajiv Gandhi International Stadium'),(75465,'2023-10-12 08:30:00','Bharat Ratna Shri Atal Bihari Vajpayee Ekana Cricket Stadium'),(75469,'2023-10-13 08:30:00','MA Chidambaram Stadium'),(75472,'2023-10-15 08:30:00','Arun Jaitley Stadium'),(75476,'2023-10-14 08:30:00','Narendra Modi Stadium'),(75479,'2023-10-16 08:30:00','Bharat Ratna Shri Atal Bihari Vajpayee Ekana Cricket Stadium'),(75486,'2023-10-17 08:30:00','Himachal Pradesh Cricket Association Stadium'),(75490,'2023-10-18 08:30:00','MA Chidambaram Stadium'),(75493,'2023-10-19 08:30:00','Maharashtra Cricket Association Stadium'),(75497,'2023-10-20 08:30:00','M.Chinnaswamy Stadium'),(75504,'2023-10-21 08:30:00','Wankhede Stadium'),(75507,'2023-10-21 05:00:00','Bharat Ratna Shri Atal Bihari Vajpayee Ekana Cricket Stadium'),(75511,'2023-10-22 08:30:00','Himachal Pradesh Cricket Association Stadium'),(75518,'2023-10-23 08:30:00','MA Chidambaram Stadium'),(75521,'2023-10-24 08:30:00','Wankhede Stadium'),(75525,'2023-10-25 08:30:00','Arun Jaitley Stadium'),(75532,'2023-10-28 05:00:00','Himachal Pradesh Cricket Association Stadium'),(75535,'2023-10-27 08:30:00','MA Chidambaram Stadium'),(75539,'2023-10-26 08:30:00','M.Chinnaswamy Stadium'),(75542,'2023-10-29 08:30:00','Bharat Ratna Shri Atal Bihari Vajpayee Ekana Cricket Stadium'),(75549,'2023-10-30 08:30:00','Maharashtra Cricket Association Stadium'),(75553,'2023-10-28 08:30:00','Eden Gardens'),(75560,'2023-10-31 08:30:00','Eden Gardens'),(75563,'2023-11-02 08:30:00','Wankhede Stadium'),(75567,'2023-11-01 08:30:00','Maharashtra Cricket Association Stadium'),(75570,'2023-11-03 08:30:00','Bharat Ratna Shri Atal Bihari Vajpayee Ekana Cricket Stadium'),(75574,'2023-11-04 08:30:00','Narendra Modi Stadium'),(75577,'2023-11-04 05:00:00','M.Chinnaswamy Stadium'),(75581,'2023-11-05 08:30:00','Eden Gardens'),(75588,'2023-11-06 08:30:00','Arun Jaitley Stadium'),(75595,'2023-11-08 08:30:00','Maharashtra Cricket Association Stadium'),(75602,'2023-11-09 08:30:00','M.Chinnaswamy Stadium'),(75609,'2023-11-07 08:30:00','Wankhede Stadium'),(75616,'2023-11-10 08:30:00','Narendra Modi Stadium'),(75623,'2023-11-12 08:30:00','M.Chinnaswamy Stadium'),(75630,'2023-11-11 08:30:00','Eden Gardens'),(75633,'2023-11-11 05:00:00','Maharashtra Cricket Association Stadium'),(75640,'2023-11-15 08:30:00','Wankhede Stadium'),(75647,'2023-11-16 08:30:00','Eden Gardens'),(75651,'2023-11-19 08:30:00','Narendra Modi Stadium');
/*!40000 ALTER TABLE `match_details` ENABLE KEYS */;
UNLOCK TABLES;

--
-- Table structure for table `played`
--

DROP TABLE IF EXISTS `played`;
/*!40101 SET @saved_cs_client     = @@character_set_client */;
/*!50503 SET character_set_client = utf8mb4 */;
CREATE TABLE `played` (
  `Match_ID` int DEFAULT NULL,
  `Score` int DEFAULT NULL,
  `Team_ID` int DEFAULT NULL,
  `Player_ID` int DEFAULT NULL
) ENGINE=InnoDB DEFAULT CHARSET=utf8mb4 COLLATE=utf8mb4_0900_ai_ci;
/*!40101 SET character_set_client = @saved_cs_client */;

--
-- Dumping data for table `played`
--

LOCK TABLES `played` WRITE;
/*!40000 ALTER TABLE `played` DISABLE KEYS */;
INSERT INTO `played` VALUES (75413,11,9,6692),(75413,14,9,6660),(75413,15,9,1742),(75413,20,9,10045),(75413,33,9,6507),(75413,14,9,10420),(75413,77,9,8019),(75413,11,9,6670),(75413,43,9,2258),(75413,25,9,12201),(75413,13,9,8383),(75413,0,13,8216),(75413,0,13,8549),(75413,0,13,9067),(75413,0,13,9976),(75413,152,13,9838),(75413,0,13,8983),(75413,123,13,11177),(75413,0,13,10100),(75413,0,13,10693),(75413,0,13,10713),(75413,0,13,8117),(75420,12,3,10863),(75420,15,3,8364),(75420,5,3,8359),(75420,68,3,9468),(75420,68,3,9812),(75420,9,3,10799),(75420,39,3,8367),(75420,32,3,11186),(75420,0,3,11320),(75420,13,3,12160),(75420,16,3,14561),(75420,52,24,15473),(75420,5,24,10424),(75420,17,24,9725),(75420,67,24,13273),(75420,5,24,13336),(75420,0,24,13272),(75420,10,24,12612),(75420,4,24,1669),(75420,28,24,9983),(75420,1,24,19532),(75420,7,24,9357),(75427,47,96,13213),(75427,22,96,12173),(75427,18,96,8571),(75427,18,96,8277),(75427,5,96,8375),(75427,6,96,3007),(75427,22,96,13214),(75427,9,96,10738),(75427,1,96,12071),(75427,0,96,11289),(75427,0,96,14282),(75427,5,6,14205),(75427,13,6,8540),(75427,57,6,11081),(75427,59,6,9864),(75427,14,6,544),(75427,2,6,394),(75427,0,6,13223),(75427,0,6,1121),(75427,0,6,8548),(75427,0,6,13791),(75427,0,6,9863),(75434,100,11,8520),(75434,8,11,8583),(75434,108,11,9554),(75434,106,11,9582),(75434,32,11,10209),(75434,39,11,6349),(75434,12,11,14565),(75434,0,11,13320),(75434,0,11,9720),(75434,0,11,9603),(75434,0,11,9585),(75434,0,5,13682),(75434,7,5,8116),(75434,76,5,9494),(75434,23,5,9495),(75434,79,5,10934),(75434,11,5,7872),(75434,68,5,8422),(75434,0,5,14251),(75434,33,5,10472),(75434,5,5,16458),(75434,4,5,15067),(75437,41,4,1739),(75437,0,4,6250),(75437,46,4,2250),(75437,27,4,10182),(75437,15,4,7662),(75437,0,4,9200),(75437,8,4,12225),(75437,15,4,8095),(75437,28,4,7710),(75437,6,4,8642),(75437,1,4,6258),(75437,0,2,576),(75437,0,2,10276),(75437,85,2,1413),(75437,0,2,9428),(75437,97,2,8733),(75437,11,2,9647),(75437,0,2,587),(75437,0,2,1593),(75437,0,2,8292),(75437,0,2,9311),(75437,0,2,10808),(75444,32,13,9838),(75444,70,13,8549),(75444,51,13,11177),(75444,48,13,10713),(75444,53,13,8216),(75444,4,13,10693),(75444,5,13,9976),(75444,36,13,10100),(75444,10,13,9067),(75444,0,13,10692),(75444,0,13,8117),(75444,12,24,15473),(75444,16,24,10424),(75444,69,24,9725),(75444,18,24,13273),(75444,21,24,13336),(75444,30,24,13272),(75444,29,24,2232),(75444,1,24,1669),(75444,8,24,23896),(75444,11,24,19532),(75444,4,24,9357),(75451,52,9,6507),(75451,140,9,6660),(75451,82,9,8019),(75451,20,9,2258),(75451,20,9,12201),(75451,0,9,10045),(75451,11,9,10420),(75451,14,9,6670),(75451,11,9,1742),(75451,6,9,8383),(75451,1,9,8349),(75451,76,6,8540),(75451,1,6,14205),(75451,0,6,9864),(75451,1,6,544),(75451,8,6,11081),(75451,51,6,394),(75451,39,6,13223),(75451,14,6,11871),(75451,15,6,8548),(75451,12,6,13791),(75451,3,6,9863),(75458,21,96,13213),(75458,22,96,12173),(75458,16,96,8571),(75458,80,96,8277),(75458,62,96,13214),(75458,19,96,3007),(75458,2,96,8375),(75458,16,96,10738),(75458,10,96,12071),(75458,9,96,11289),(75458,0,96,14282),(75458,131,2,576),(75458,47,2,10276),(75458,55,2,1413),(75458,25,2,9428),(75458,0,2,8733),(75458,0,2,9647),(75458,0,2,587),(75458,0,2,8683),(75458,0,2,8292),(75458,0,2,9311),(75458,0,2,10808),(75462,51,5,13682),(75462,0,5,8116),(75462,122,5,9494),(75462,108,5,9495),(75462,1,5,10934),(75462,25,5,7872),(75462,12,5,8422),(75462,10,5,14251),(75462,0,5,18504),(75462,1,5,16458),(75462,0,5,15067),(75462,113,3,12139),(75462,12,3,8364),(75462,10,3,8359),(75462,131,3,9468),(75462,31,3,9812),(75462,22,3,10799),(75462,0,3,11186),(75462,0,3,8367),(75462,0,3,11320),(75462,0,3,12160),(75462,0,3,14561),(75465,109,11,8520),(75465,35,11,8583),(75465,26,11,9554),(75465,56,11,9582),(75465,29,11,10209),(75465,17,11,6349),(75465,26,11,14565),(75465,0,11,9585),(75465,0,11,9720),(75465,0,11,9603),(75465,0,11,10173),(75465,7,4,6250),(75465,13,4,1739),(75465,19,4,2250),(75465,46,4,10182),(75465,5,4,10637),(75465,3,4,7662),(75465,5,4,8989),(75465,27,4,7710),(75465,22,4,8095),(75465,11,4,8642),(75465,2,4,6258),(75469,0,6,8540),(75469,16,6,14205),(75469,30,6,11081),(75469,7,6,9864),(75469,40,6,544),(75469,66,6,394),(75469,13,6,13223),(75469,41,6,1121),(75469,17,6,8548),(75469,4,6,9863),(75469,2,6,13791),(75469,45,13,9838),(75469,9,13,11177),(75469,78,13,6326),(75469,89,13,10713),(75469,16,13,10693),(75469,0,13,8216),(75469,0,13,9976),(75469,0,13,10100),(75469,0,13,9067),(75469,0,13,10692),(75469,0,13,8117),(75472,80,96,13213),(75472,28,96,12173),(75472,3,96,8571),(75472,14,96,8277),(75472,19,96,13214),(75472,58,96,11071),(75472,9,96,3007),(75472,23,96,10738),(75472,28,96,12071),(75472,5,96,11289),(75472,2,96,14282),(75472,2,9,6507),(75472,32,9,6660),(75472,11,9,8019),(75472,66,9,12201),(75472,9,9,2258),(75472,10,9,10045),(75472,10,9,10420),(75472,9,9,6670),(75472,20,9,1742),(75472,18,9,8383),(75472,15,9,8349),(75476,20,3,12139),(75476,36,3,8364),(75476,50,3,8359),(75476,49,3,9468),(75476,6,3,9812),(75476,4,3,10799),(75476,2,3,11186),(75476,4,3,8367),(75476,12,3,11320),(75476,2,3,12160),(75476,2,3,14561),(75476,86,2,576),(75476,16,2,11808),(75476,16,2,1413),(75476,53,2,9428),(75476,19,2,8733),(75476,0,2,9647),(75476,0,2,587),(75476,0,2,8683),(75476,0,2,8292),(75476,0,2,9311),(75476,0,2,10808),(75479,61,5,13682),(75479,78,5,8116),(75479,9,5,9494),(75479,8,5,9495),(75479,25,5,10934),(75479,7,5,7872),(75479,2,5,14251),(75479,2,5,9500),(75479,0,5,18504),(75479,4,5,10928),(75479,0,5,15067),(75479,52,4,6250),(75479,11,4,1739),(75479,0,4,2250),(75479,40,4,10182),(75479,58,4,10637),(75479,31,4,7662),(75479,20,4,8989),(75479,0,4,7710),(75479,0,4,8095),(75479,0,4,8642),(75479,0,4,6258),(75486,2,24,15473),(75486,18,24,10424),(75486,13,24,9725),(75486,2,24,13273),(75486,19,24,2232),(75486,20,24,13336),(75486,78,24,13272),(75486,10,24,9983),(75486,29,24,1669),(75486,23,24,19532),(75486,0,24,9357),(75486,16,11,8583),(75486,20,11,8520),(75486,4,11,9554),(75486,1,11,9582),(75486,28,11,10209),(75486,43,11,6349),(75486,9,11,14565),(75486,22,11,13320),(75486,40,11,9720),(75486,9,11,9585),(75486,7,11,9603),(75490,20,13,9838),(75490,54,13,8549),(75490,32,13,11177),(75490,1,13,10713),(75490,68,13,8216),(75490,71,13,10693),(75490,25,13,9976),(75490,7,13,10100),(75490,0,13,9067),(75490,0,13,10692),(75490,0,13,8117),(75490,11,96,13213),(75490,14,96,12173),(75490,36,96,8571),(75490,8,96,8277),(75490,27,96,13214),(75490,19,96,11071),(75490,7,96,3007),(75490,8,96,10738),(75490,4,96,12071),(75490,0,96,11289),(75490,0,96,14282),(75493,51,6,14205),(75493,66,6,8540),(75493,8,6,9864),(75493,3,6,11081),(75493,16,6,13223),(75493,38,6,394),(75493,46,6,1121),(75493,14,6,8543),(75493,1,6,9863),(75493,7,6,13791),(75493,0,6,13226),(75493,48,2,576),(75493,53,2,11808),(75493,103,2,1413),(75493,19,2,9428),(75493,34,2,8733),(75493,0,2,9647),(75493,0,2,587),(75493,0,2,8683),(75493,0,2,8292),(75493,0,2,9311),(75493,0,2,10808),(75497,163,4,1739),(75497,121,4,6250),(75497,0,4,7662),(75497,7,4,2250),(75497,21,4,8989),(75497,13,4,10637),(75497,8,4,10182),(75497,6,4,8095),(75497,2,4,7710),(75497,0,4,6258),(75497,1,4,8642),(75497,64,3,12139),(75497,70,3,8364),(75497,18,3,8359),(75497,46,3,9468),(75497,30,3,9812),(75497,26,3,10799),(75497,14,3,8367),(75497,0,3,11318),(75497,10,3,12160),(75497,8,3,11320),(75497,0,3,14561),(75504,4,11,8520),(75504,85,11,9491),(75504,60,11,9554),(75504,42,11,9582),(75504,109,11,10209),(75504,5,11,6349),(75504,75,11,14565),(75504,3,11,13320),(75504,1,11,9720),(75504,0,11,9585),(75504,0,11,9603),(75504,10,9,6507),(75504,6,9,6660),(75504,2,9,8019),(75504,5,9,6557),(75504,17,9,12201),(75504,15,9,2258),(75504,12,9,6592),(75504,10,9,1742),(75504,35,9,13681),(75504,43,9,8383),(75504,0,9,8349),(75507,4,24,15473),(75507,16,24,10424),(75507,29,24,9725),(75507,6,24,13273),(75507,9,24,13336),(75507,16,24,13272),(75507,70,24,2232),(75507,59,24,9983),(75507,7,24,1669),(75507,9,24,19532),(75507,4,24,9357),(75507,54,5,13682),(75507,5,5,8116),(75507,11,5,9494),(75507,91,5,9495),(75507,44,5,10934),(75507,30,5,7872),(75507,4,5,35640),(75507,0,5,9500),(75507,0,5,18504),(75507,0,5,10472),(75507,0,5,15067),(75511,0,13,9838),(75511,17,13,8549),(75511,75,13,11177),(75511,130,13,10713),(75511,5,13,8216),(75511,23,13,10693),(75511,6,13,9976),(75511,1,13,10100),(75511,0,13,9067),(75511,1,13,10692),(75511,0,13,8117),(75511,46,2,576),(75511,26,2,11808),(75511,95,2,1413),(75511,33,2,9428),(75511,27,2,8733),(75511,2,2,7915),(75511,39,2,587),(75511,1,2,7909),(75511,0,2,8292),(75511,0,2,9311),(75511,0,2,10808),(75518,58,3,12139),(75518,17,3,8364),(75518,74,3,8359),(75518,8,3,9468),(75518,25,3,9812),(75518,40,3,11186),(75518,40,3,10799),(75518,3,3,12160),(75518,0,3,11318),(75518,0,3,11320),(75518,0,3,14561),(75518,65,96,13213),(75518,87,96,12173),(75518,77,96,8571),(75518,48,96,8277),(75518,0,96,13214),(75518,0,96,11071),(75518,0,96,3007),(75518,0,96,10738),(75518,0,96,12071),(75518,0,96,11289),(75518,0,96,15452),(75521,174,11,8520),(75521,12,11,9491),(75521,1,11,9554),(75521,60,11,9582),(75521,90,11,10209),(75521,34,11,6349),(75521,1,11,14565),(75521,0,11,13320),(75521,0,11,9720),(75521,0,11,9585),(75521,0,11,8531),(75521,12,6,14205),(75521,22,6,8540),(75521,0,6,9864),(75521,1,6,544),(75521,8,6,394),(75521,111,6,1121),(75521,11,6,11081),(75521,19,6,8543),(75521,15,6,13226),(75521,11,6,9863),(75521,6,6,13791),(75525,9,4,6250),(75525,104,4,1739),(75525,71,4,2250),(75525,62,4,10182),(75525,14,4,10637),(75525,106,4,7662),(75525,8,4,12225),(75525,12,4,8095),(75525,0,4,7710),(75525,1,4,8642),(75525,0,4,6258),(75525,25,24,15473),(75525,6,24,10424),(75525,10,24,9725),(75525,11,24,2232),(75525,4,24,13273),(75525,12,24,13272),(75525,14,24,13336),(75525,0,24,9983),(75525,0,24,1669),(75525,1,24,19532),(75525,0,24,9357),(75532,81,4,1739),(75532,109,4,8497),(75532,36,4,6250),(75532,18,4,2250),(75532,18,4,10182),(75532,41,4,7662),(75532,38,4,10637),(75532,37,4,8095),(75532,1,4,7710),(75532,0,4,8642),(75532,0,4,6258),(75532,28,13,9838),(75532,32,13,8549),(75532,116,13,11177),(75532,54,13,10713),(75532,21,13,8216),(75532,12,13,10693),(75532,58,13,8983),(75532,17,13,10100),(75532,9,13,9067),(75532,10,13,8117),(75532,0,13,10692),(75535,9,3,12139),(75535,12,3,8364),(75535,50,3,8359),(75535,31,3,9468),(75535,21,3,10799),(75535,52,3,9812),(75535,43,3,11186),(75535,24,3,8367),(75535,2,3,12160),(75535,7,3,15040),(75535,0,3,14561),(75535,0,3,11318),(75535,28,11,8583),(75535,24,11,8520),(75535,21,11,9554),(75535,91,11,9582),(75535,12,11,10209),(75535,29,11,6349),(75535,20,11,14565),(75535,10,11,13320),(75535,7,11,9720),(75535,4,11,9603),(75535,4,11,10173),(75539,30,9,6507),(75539,28,9,6660),(75539,3,9,8019),(75539,43,9,6557),(75539,8,9,2258),(75539,1,9,10045),(75539,15,9,6692),(75539,0,9,6670),(75539,14,9,6592),(75539,2,9,1742),(75539,5,9,8383),(75539,77,5,13682),(75539,4,5,8116),(75539,11,5,9494),(75539,65,5,9495),(75539,0,5,10934),(75539,0,5,7872),(75539,0,5,1629),(75539,0,5,18504),(75539,0,5,10472),(75539,0,5,10928),(75539,0,5,15067),(75542,87,2,576),(75542,9,2,11808),(75542,0,2,1413),(75542,4,2,9428),(75542,39,2,8733),(75542,49,2,7915),(75542,8,2,587),(75542,1,2,7909),(75542,16,2,9311),(75542,9,2,8292),(75542,0,2,10808),(75542,14,9,6507),(75542,16,9,6660),(75542,0,9,8019),(75542,0,9,6557),(75542,10,9,2258),(75542,15,9,6692),(75542,27,9,10045),(75542,10,9,6670),(75542,16,9,6592),(75542,13,9,1742),(75542,0,9,8383),(75549,46,5,13682),(75549,15,5,7952),(75549,39,5,9494),(75549,36,5,9495),(75549,22,5,10934),(75549,14,5,7872),(75549,23,5,1629),(75549,1,5,8393),(75549,29,5,18504),(75549,5,5,10472),(75549,0,5,15067),(75549,0,96,13213),(75549,39,96,12173),(75549,62,96,8571),(75549,58,96,8277),(75549,73,96,13214),(75549,0,96,11071),(75549,0,96,3007),(75549,0,96,10738),(75549,0,96,12071),(75549,0,96,11289),(75549,0,96,14282),(75553,3,24,15473),(75553,0,24,10424),(75553,41,24,6707),(75553,15,24,9725),(75553,68,24,13272),(75553,17,24,13273),(75553,35,24,2232),(75553,23,24,9983),(75553,6,24,24396),(75553,9,24,19532),(75553,0,24,9357),(75553,3,6,8540),(75553,15,6,14205),(75553,35,6,11081),(75553,9,6,9864),(75553,5,6,544),(75553,1,6,394),(75553,20,6,1121),(75553,17,6,11871),(75553,11,6,8548),(75553,20,6,9863),(75553,0,6,13791),(75560,0,6,14205),(75560,45,6,8540),(75560,4,6,9864),(75560,5,6,394),(75560,56,6,1121),(75560,43,6,544),(75560,7,6,13223),(75560,25,6,11081),(75560,6,6,8548),(75560,3,6,9863),(75560,1,6,13791),(75560,68,3,12139),(75560,81,3,10863),(75560,9,3,8359),(75560,26,3,9468),(75560,17,3,10799),(75560,0,3,9812),(75560,0,3,10101),(75560,0,3,12160),(75560,0,3,11318),(75560,0,3,15040),(75560,0,3,14561),(75563,4,2,576),(75563,92,2,11808),(75563,88,2,1413),(75563,82,2,9428),(75563,21,2,8733),(75563,12,2,7915),(75563,35,2,587),(75563,2,2,7909),(75563,1,2,9311),(75563,0,2,8292),(75563,0,2,10808),(75563,0,5,13682),(75563,0,5,7952),(75563,1,5,9494),(75563,0,5,9495),(75563,1,5,10934),(75563,12,5,1629),(75563,0,5,35640),(75563,0,5,8393),(75563,12,5,18504),(75563,14,5,10472),(75563,5,5,15067),(75567,114,11,8520),(75567,24,11,8583),(75567,133,11,9554),(75567,53,11,6349),(75567,15,11,10209),(75567,6,11,9582),(75567,0,11,14565),(75567,0,11,13320),(75567,0,11,9720),(75567,0,11,9585),(75567,0,11,9603),(75567,2,13,9838),(75567,33,13,8549),(75567,9,13,11177),(75567,24,13,10713),(75567,4,13,8216),(75567,60,13,10693),(75567,7,13,10100),(75567,7,13,1057),(75567,0,13,8983),(75567,9,13,8117),(75567,0,13,9067),(75570,1,24,6707),(75570,42,24,10424),(75570,29,24,9725),(75570,58,24,2232),(75570,0,24,13272),(75570,3,24,13273),(75570,3,24,12612),(75570,2,24,9983),(75570,11,24,1669),(75570,10,24,19532),(75570,4,24,9357),(75570,10,96,13213),(75570,20,96,12173),(75570,52,96,8571),(75570,56,96,8277),(75570,31,96,13214),(75570,0,96,11071),(75570,0,96,3007),(75570,0,96,10738),(75570,0,96,12071),(75570,0,96,14282),(75570,0,96,15452),(75574,11,4,8497),(75574,15,4,1739),(75574,44,4,2250),(75574,71,4,10182),(75574,3,4,10637),(75574,47,4,12225),(75574,35,4,8989),(75574,10,4,8095),(75574,10,4,7710),(75574,29,4,8642),(75574,1,4,6258),(75574,0,9,6507),(75574,50,9,6660),(75574,13,9,8019),(75574,64,9,6557),(75574,1,9,2258),(75574,42,9,6692),(75574,2,9,10045),(75574,32,9,6670),(75574,15,9,6592),(75574,20,9,1742),(75574,0,9,8383),(75577,35,13,9838),(75577,108,13,11177),(75577,95,13,6326),(75577,29,13,10713),(75577,39,13,9976),(75577,41,13,10693),(75577,26,13,10100),(75577,2,13,8216),(75577,0,13,8561),(75577,0,13,1057),(75577,0,13,8117),(75577,4,3,12139),(75577,126,3,10863),(75577,66,3,8359),(75577,0,3,9468),(75577,0,3,9812),(75577,0,3,10799),(75577,0,3,10101),(75577,0,3,11320),(75577,0,3,12160),(75577,0,3,15040),(75577,0,3,14561),(75581,40,2,576),(75581,23,2,11808),(75581,101,2,1413),(75581,77,2,9428),(75581,8,2,8733),(75581,22,2,7915),(75581,29,2,587),(75581,0,2,7909),(75581,0,2,9311),(75581,0,2,8292),(75581,0,2,10808),(75581,5,11,8520),(75581,11,11,8583),(75581,13,11,9554),(75581,9,11,9582),(75581,1,11,10209),(75581,11,11,6349),(75581,14,11,14565),(75581,7,11,9720),(75581,6,11,9585),(75581,0,11,9603),(75581,4,11,10173),(75588,41,5,13682),(75588,4,5,8116),(75588,19,5,9494),(75588,41,5,9495),(75588,108,5,10934),(75588,0,5,1629),(75588,34,5,7872),(75588,22,5,18504),(75588,4,5,8393),(75588,0,5,10472),(75588,0,5,15067),(75588,9,6,14205),(75588,23,6,8540),(75588,90,6,9864),(75588,82,6,544),(75588,22,6,1121),(75588,10,6,394),(75588,15,6,13223),(75588,3,6,11081),(75588,5,6,15274),(75588,0,6,8548),(75588,0,6,13791),(75595,15,9,6507),(75595,87,9,6660),(75595,28,9,8019),(75595,108,9,6557),(75595,11,9,12201),(75595,5,9,2258),(75595,4,9,6692),(75595,51,9,6670),(75595,6,9,6592),(75595,2,9,13681),(75595,1,9,1742),(75595,37,24,6707),(75595,5,24,10424),(75595,0,24,9725),(75595,33,24,2232),(75595,38,24,13272),(75595,10,24,13273),(75595,41,24,13336),(75595,2,24,9983),(75595,0,24,1669),(75595,1,24,19532),(75595,4,24,9357),(75602,2,5,13682),(75602,51,5,8116),(75602,6,5,9494),(75602,1,5,9495),(75602,8,5,10934),(75602,16,5,1629),(75602,19,5,7872),(75602,6,5,9500),(75602,38,5,18504),(75602,1,5,8393),(75602,19,5,15067),(75602,45,13,9838),(75602,42,13,11177),(75602,14,13,6326),(75602,43,13,10713),(75602,7,13,9976),(75602,17,13,10693),(75602,2,13,8216),(75602,0,13,10100),(75602,0,13,1057),(75602,0,13,10692),(75602,0,13,8117),(75609,21,96,13213),(75609,129,96,12173),(75609,30,96,8571),(75609,26,96,8277),(75609,22,96,13214),(75609,12,96,3007),(75609,35,96,10738),(75609,0,96,11071),(75609,0,96,12071),(75609,0,96,15452),(75609,0,96,11289),(75609,18,4,1739),(75609,0,4,8497),(75609,24,4,6250),(75609,14,4,10182),(75609,0,4,10637),(75609,201,4,7662),(75609,6,4,8989),(75609,3,4,7710),(75609,12,4,8095),(75609,0,4,8642),(75609,0,4,6258),(75616,25,96,13213),(75616,15,96,12173),(75616,26,96,8571),(75616,2,96,8277),(75616,97,96,13214),(75616,12,96,11071),(75616,2,96,3007),(75616,14,96,10738),(75616,26,96,15452),(75616,8,96,12071),(75616,2,96,11289),(75616,41,11,8520),(75616,23,11,8583),(75616,76,11,9554),(75616,25,11,9582),(75616,10,11,10209),(75616,24,11,6349),(75616,39,11,9601),(75616,0,11,13320),(75616,0,11,9720),(75616,0,11,9585),(75616,0,11,9603),(75623,61,2,576),(75623,51,2,11808),(75623,51,2,1413),(75623,128,2,9428),(75623,102,2,8733),(75623,2,2,7915),(75623,0,2,587),(75623,0,2,7909),(75623,0,2,9311),(75623,0,2,8292),(75623,0,2,10808),(75623,4,24,6707),(75623,30,24,10424),(75623,35,24,9725),(75623,45,24,2232),(75623,17,24,13272),(75623,12,24,13273),(75623,54,24,13336),(75623,16,24,9983),(75623,16,24,1669),(75623,5,24,19532),(75623,3,24,9357),(75630,31,9,6660),(75630,59,9,6507),(75630,60,9,8019),(75630,84,9,6557),(75630,27,9,2258),(75630,30,9,12201),(75630,8,9,6692),(75630,4,9,6670),(75630,15,9,6592),(75630,0,9,13681),(75630,0,9,1742),(75630,0,3,12139),(75630,1,3,10863),(75630,38,3,8359),(75630,36,3,9468),(75630,29,3,9812),(75630,51,3,10101),(75630,3,3,10799),(75630,4,3,11186),(75630,25,3,12160),(75630,16,3,15040),(75630,35,3,14561),(75633,36,6,14205),(75633,36,6,8540),(75633,45,6,9864),(75633,74,6,13223),(75633,32,6,1121),(75633,21,6,394),(75633,29,6,11081),(75633,7,6,8543),(75633,2,6,11871),(75633,0,6,8548),(75633,0,6,9863),(75633,10,4,8497),(75633,53,4,1739),(75633,177,4,6250),(75633,63,4,2250),(75633,0,4,10182),(75633,0,4,10637),(75633,0,4,8989),(75633,0,4,8136),(75633,0,4,8095),(75633,0,4,8642),(75633,0,4,6258),(75640,47,2,576),(75640,80,2,11808),(75640,117,2,1413),(75640,105,2,9428),(75640,39,2,8733),(75640,1,2,7915),(75640,0,2,587),(75640,0,2,7909),(75640,0,2,9311),(75640,0,2,8292),(75640,0,2,10808),(75640,13,13,9838),(75640,13,13,11177),(75640,69,13,6326),(75640,134,13,10713),(75640,0,13,8216),(75640,41,13,10693),(75640,2,13,9976),(75640,9,13,10100),(75640,9,13,1057),(75640,2,13,8117),(75640,6,13,10692),(75647,3,11,8520),(75647,0,11,8583),(75647,6,11,9554),(75647,10,11,9582),(75647,47,11,10209),(75647,101,11,6349),(75647,0,11,14565),(75647,19,11,13320),(75647,4,11,9720),(75647,10,11,9585),(75647,1,11,10173),(75647,62,4,8497),(75647,29,4,1739),(75647,0,4,6250),(75647,30,4,2250),(75647,18,4,10182),(75647,1,4,7662),(75647,28,4,10637),(75647,16,4,7710),(75647,14,4,8095),(75647,0,4,8642),(75647,0,4,6258),(75651,47,2,576),(75651,4,2,11808),(75651,54,2,1413),(75651,4,2,9428),(75651,66,2,8733),(75651,9,2,587),(75651,18,2,7915),(75651,6,2,7909),(75651,1,2,9311),(75651,10,2,8292),(75651,9,2,10808),(75651,7,4,1739),(75651,137,4,8497),(75651,15,4,6250),(75651,4,4,2250),(75651,58,4,10182),(75651,2,4,7662),(75651,0,4,10637),(75651,0,4,7710),(75651,0,4,8095),(75651,0,4,8642),(75651,0,4,6258);
/*!40000 ALTER TABLE `played` ENABLE KEYS */;
UNLOCK TABLES;

--
-- Table structure for table `player`
--

DROP TABLE IF EXISTS `player`;
/*!40101 SET @saved_cs_client     = @@character_set_client */;
/*!50503 SET character_set_client = utf8mb4 */;
CREATE TABLE `player` (
  `player_id` int NOT NULL,
  `player_name` varchar(50) DEFAULT NULL,
  PRIMARY KEY (`player_id`)
) ENGINE=InnoDB DEFAULT CHARSET=utf8mb4 COLLATE=utf8mb4_0900_ai_ci;
/*!40101 SET character_set_client = @saved_cs_client */;

--
-- Dumping data for table `player`
--

LOCK TABLES `player` WRITE;
/*!40000 ALTER TABLE `player` DISABLE KEYS */;
INSERT INTO `player` VALUES (394,'Mushfiqur Rahim'),(544,'Shakib Al Hasan'),(576,'Rohit Sharma'),(587,'Ravindra Jadeja'),(1057,'Tim Southee'),(1121,'Mahmudullah'),(1413,'Virat Kohli'),(1593,'Ravichandran Ashwin'),(1629,'Angelo Mathews'),(1669,'Roelof van der Merwe'),(1739,'David Warner'),(1742,'Adil Rashid'),(2232,'Sybrand Engelbrecht'),(2250,'Steven Smith'),(2258,'Jos Buttler'),(3007,'Mohammad Nabi'),(6250,'Mitchell Marsh'),(6258,'Josh Hazlewood'),(6326,'Kane Williamson'),(6349,'David Miller'),(6507,'Jonny Bairstow'),(6557,'Ben Stokes'),(6592,'David Willey'),(6660,'Dawid Malan'),(6670,'Chris Woakes'),(6692,'Moeen Ali'),(6707,'Wesley Barresi'),(7662,'Glenn Maxwell'),(7710,'Mitchell Starc'),(7872,'Dhananjaya de Silva'),(7909,'Mohammed Shami'),(7915,'Suryakumar Yadav'),(7952,'Dimuth Karunaratne'),(8019,'Joe Root'),(8095,'Pat Cummins'),(8116,'Kusal Perera'),(8117,'Trent Boult'),(8136,'Sean Abbott'),(8216,'Tom Latham'),(8277,'Hashmatullah Shahidi'),(8292,'Kuldeep Yadav'),(8349,'Reece Topley'),(8359,'Babar Azam'),(8364,'Imam-ul-Haq'),(8367,'Mohammad Nawaz'),(8375,'Najibullah Zadran'),(8383,'Mark Wood'),(8393,'Dushmantha Chameera'),(8422,'Dasun Shanaka'),(8497,'Travis Head'),(8520,'Quinton de Kock'),(8531,'Lizaad Williams'),(8540,'Litton Das'),(8543,'Nasum Ahmed '),(8548,'Taskin Ahmed'),(8549,'Will Young'),(8561,'Ish Sodhi'),(8571,'Rahmat Shah'),(8583,'Temba Bavuma'),(8642,'Adam Zampa'),(8683,'Shardul Thakur'),(8733,'KL Rahul'),(8983,'James Neesham'),(8989,'Marcus Stoinis'),(9067,'Matt Henry'),(9200,'Alex Carey'),(9311,'Jasprit Bumrah'),(9357,'Paul van Meekeren'),(9428,'Shreyas Iyer'),(9468,'Mohammad Rizwan'),(9491,'Reeza Hendricks'),(9494,'Kusal Mendis'),(9495,'Sadeera Samarawickrama'),(9500,'Chamika Karunaratne'),(9554,'Rassie van der Dussen'),(9582,'Aiden Markram'),(9585,'Kagiso Rabada'),(9601,'Andile Phehlukwayo'),(9603,'Lungi Ngidi'),(9647,'Hardik Pandya'),(9720,'Keshav Maharaj'),(9725,'Colin Ackermann'),(9812,'Saud Shakeel'),(9838,'Devon Conway'),(9863,'Mustafizur Rahman'),(9864,'Najmul Hossain Shanto'),(9976,'Mark Chapman'),(9983,'Logan van Beek'),(10045,'Liam Livingstone'),(10100,'Mitchell Santner'),(10101,'Agha Salman'),(10173,'Tabraiz Shamsi'),(10182,'Marnus Labuschagne'),(10209,'Heinrich Klaasen'),(10276,'Ishan Kishan'),(10420,'Sam Curran'),(10424,'Max ODowd'),(10472,'Kasun Rajitha'),(10637,'Josh Inglis'),(10692,'Lockie Ferguson'),(10693,'Glenn Phillips'),(10713,'Daryl Mitchell'),(10738,'Rashid Khan'),(10799,'Iftikhar Ahmed'),(10808,'Mohammed Siraj'),(10863,'Fakhar Zaman'),(10928,'Lahiru Kumara'),(10934,'Charith Asalanka'),(11071,'Ikram Alikhil'),(11081,'Mehidy Hasan Miraz'),(11177,'Rachin Ravindra'),(11186,'Shadab Khan'),(11289,'Naveen-ul-Haq'),(11318,'Usama Mir'),(11320,'Hasan Ali'),(11808,'Shubman Gill'),(11871,'Mahedi Hasan'),(12071,'Mujeeb Ur Rahman'),(12139,'Abdullah Shafique'),(12160,'Shaheen Afridi'),(12173,'Ibrahim Zadran'),(12201,'Harry Brook'),(12225,'Cameron Green'),(12612,'Saqib Zulfiqar'),(13213,'Rahmanullah Gurbaz'),(13214,'Azmatullah Omarzai'),(13223,'Towhid Hridoy'),(13226,'Hasan Mahmud'),(13272,'Scott Edwards'),(13273,'Bas de Leede'),(13320,'Gerald Coetzee'),(13336,'Teja Nidamanuru'),(13681,'Gus Atkinson'),(13682,'Pathum Nissanka'),(13791,'Shoriful Islam'),(14205,'Tanzid Hasan'),(14251,'Dunith Wellalage'),(14282,'Fazalhaq Farooqi'),(14561,'Haris Rauf'),(14565,'Marco Jansen'),(15040,'Mohammad Wasim Jr'),(15067,'Dilshan Madushanka'),(15274,'Tanzim Hasan Sakib'),(15452,'Noor Ahmad'),(15473,'Vikramjit Singh'),(16458,'Matheesha Pathirana'),(18504,'Maheesh Theekshana'),(19532,'Aryan Dutt'),(23896,'Ryan Klein'),(24396,'Shariz Ahmad'),(35640,'Dushan Hemantha');
/*!40000 ALTER TABLE `player` ENABLE KEYS */;
UNLOCK TABLES;

--
-- Table structure for table `team`
--

DROP TABLE IF EXISTS `team`;
/*!40101 SET @saved_cs_client     = @@character_set_client */;
/*!50503 SET character_set_client = utf8mb4 */;
CREATE TABLE `team` (
  `Team_id` int NOT NULL,
  `Team_name` varchar(100) DEFAULT NULL,
  `Team_S_Name` varchar(10) DEFAULT NULL,
  PRIMARY KEY (`Team_id`)
) ENGINE=InnoDB DEFAULT CHARSET=utf8mb4 COLLATE=utf8mb4_0900_ai_ci;
/*!40101 SET character_set_client = @saved_cs_client */;

--
-- Dumping data for table `team`
--

LOCK TABLES `team` WRITE;
/*!40000 ALTER TABLE `team` DISABLE KEYS */;
INSERT INTO `team` VALUES (2,'India','IND'),(3,'Pakistan','PAK'),(4,'Australia','AUS'),(5,'Sri Lanka','SL'),(6,'Bangladesh','BAN'),(7,'United Arab Emirates','UAE'),(8,'Hong Kong','HK'),(9,'England','ENG'),(10,'West Indies','WI'),(11,'South Africa','RSA'),(12,'Zimbabwe','ZIM'),(13,'New Zealand','NZ'),(14,'Kenya','KEN'),(15,'United States','USA'),(23,'Scotland','SCO'),(24,'Netherlands','NED'),(25,'Bermuda','BER'),(26,'Canada','Can'),(27,'Ireland','IRE'),(44,'Uganda','UGA'),(71,'Malaysia','MLY'),(72,'Nepal','NEP'),(77,'Germany','GER'),(96,'Afghanistan','AFG'),(161,'Namibia','NAM'),(185,'Denmark','DEN'),(190,'Singapore','SIN'),(287,'Papua New Guinea','PNG'),(298,'Kuwait','KUW'),(300,'Vanuatu','VAN'),(303,'Jersey','JER'),(304,'Oman','OMAN'),(343,'Fiji','FIJI'),(527,'Italy','ITA'),(529,'Botswana','BW'),(541,'Belgium','BEL'),(675,'Iran','IRN');
/*!40000 ALTER TABLE `team` ENABLE KEYS */;
UNLOCK TABLES;
/*!40103 SET TIME_ZONE=@OLD_TIME_ZONE */;

/*!40101 SET SQL_MODE=@OLD_SQL_MODE */;
/*!40014 SET FOREIGN_KEY_CHECKS=@OLD_FOREIGN_KEY_CHECKS */;
/*!40014 SET UNIQUE_CHECKS=@OLD_UNIQUE_CHECKS */;
/*!40101 SET CHARACTER_SET_CLIENT=@OLD_CHARACTER_SET_CLIENT */;
/*!40101 SET CHARACTER_SET_RESULTS=@OLD_CHARACTER_SET_RESULTS */;
/*!40101 SET COLLATION_CONNECTION=@OLD_COLLATION_CONNECTION */;
/*!40111 SET SQL_NOTES=@OLD_SQL_NOTES */;

-- Dump completed on 2024-04-03 18:16:45
